motif_id	motif_alt_id	sequence_name	start	stop	strand	score	p-value	q-value	matched_sequence
MA1404.1	BPC1	VIT_07s0031g02070	461	484	-	17.6818	6.57e-08	0.000374	GACAGAGAAAGATGAAGAAAAAGA
MA1386.2	HHO3	Bo2g088760	98	110	-	14.9663	1.18e-06	0.0066	CTAAAGATTCTTT
MA1807.1	ZHD10	Bo2g088760	457	467	-	14.4127	1.67e-06	0.00953	TTTAATTAATT
MA1353.1	AT1G72740	Bo2g088760	364	378	+	16.5909	1.88e-06	0.0116	CTGGTTAGGGTTTTG
MA1367.1	AT1G76870	EC1.2_AT2G21740	434	447	+	14.9242	1.97e-06	0.0113	ATCcaaaaccacaa
MA2036.1	NAC076	Csa07g051880	104	115	+	13.5872	2.13e-06	0.0131	CACAAGCAAACT
MA0082.1	squamosa	Bo2g088760	327	340	-	15.0667	2.18e-06	0.0114	ATAAATATGGAAAT
MA2032.1	TRB1	Bo2g088760	367	377	-	15.748	2.26e-06	0.0143	AAAACCCTAAC
MA1327.2	ATHB-23	Bo2g088760	457	466	-	14.6102	2.43e-06	0.0124	TTAATTAATT
MA1165.2	HHO6	Bo2g088760	97	110	-	14.4694	2.49e-06	0.0137	CTAAAGATTCTTTG
MA1330.1	ZHD6	HORVU4Hr1G020010	230	244	+	14.9104	2.94e-06	0.0116	TAATGTAATTAGGGA
MA0940.1	AP1	Bo2g088760	328	340	-	14.8492	2.98e-06	0.0149	ATAAATATGGAAA
MA1328.1	ZHD9	Bo2g088760	456	470	-	15.1343	3.13e-06	0.0123	ATTTTTAATTAATTA
MA1326.1	ZHD5	EC1.1_AT1G76750	315	325	-	13.7313	3.21e-06	0.0202	GCGTAATTAGT
MA2048.1	NAC045	VIT_07s0031g02070	159	171	+	14.6055	3.38e-06	0.0207	TTGAAGCAACCAG
MA1273.1	DOF4.2	Bo2g088760	236	254	+	15.1667	3.86e-06	0.0203	AAATCAAAAAGGTGCAAAG
MA1807.1	ZHD10	VIT_07s0031g02070	351	361	+	14.0952	3.88e-06	0.0111	TTTAATTAATG
MA1270.1	DOF3.2	Bo2g088760	232	250	-	14.7576	4.23e-06	0.0231	GCACCTTTTTGATTTATGT
MA1209.1	ATHB-20	Bo2g088760	402	412	+	15.2083	4.37e-06	0.0226	ACAATAATTAA
MA0578.1	SPL8	Csa07g051880	305	320	-	14.2472	4.38e-06	0.0217	AAATATGTACTTTTAA
MA2009.1	NAC010	Csa07g051880	6	29	-	14.2576	4.39e-06	0.0233	TTATCTTATTCCACAGGTTACTTC
MA2044.1	NAC007	Csa07g051880	104	114	+	13.3061	4.5e-06	0.0284	CACAAGCAAAC
MA1329.2	ZHD1	Bo2g088760	456	468	+	14.9764	4.62e-06	0.0142	TAATTAATTAAAA
MA1328.1	ZHD9	VIT_07s0031g02070	353	367	-	14.8209	4.63e-06	0.0123	ATTCTCCATTAATTA
MA1012.1	AGL27	HORVU7Hr1G101980	174	187	-	14.9211	4.81e-06	0.0242	CTTTCTTTTTGTGG
MA1280.1	DOF5.4	Bo2g088760	240	253	+	14.4394	4.82e-06	0.0257	CAAAAAGGTGCAAA
MA1327.2	ATHB-23	Bo2g088760	57	66	+	13.9322	4.87e-06	0.0124	ttaattaata
MA1404.1	BPC1	VIT_07s0031g02070	463	486	-	7.15152	4.97e-06	0.0142	TGGACAGAGAAAGATGAAGAAAAA
MA2047.1	NAC037	Csa07g051880	104	114	+	13.7347	4.98e-06	0.033	CACAAGCAAAC
MA0559.1	PI	HORVU7Hr1G101980	174	187	+	14.6364	5.28e-06	0.0328	CCACAAAAAGAAAG
MA1403.1	BPC5	VIT_07s0031g02070	456	485	-	-32.3171	5.58e-06	0.0247	GGACAGAGAAAGATGAAGAAAAAGATGAAG
MA1212.1	ATHB-13	Bo2g088760	402	412	+	14.2836	5.95e-06	0.03	ACAATAATTAA
MA1814.1	RIN	VIT_07s0031g02070	55	69	+	14.192	6.21e-06	0.0303	tgttatttttGGTCT
MA0555.1	SVP	HORVU7Hr1G101980	170	189	+	14.1585	6.21e-06	0.0317	TTACCCACAAAAAGAAAGAG
MA2050.1	NAC101	Csa07g051880	103	115	+	13.6364	6.65e-06	0.04	ACACAAGCAAACT
MA2029.1	MYB88	HORVU7Hr1G101980	151	163	-	14.3289	7.23e-06	0.048	CGACGCTCCACTG
MA1268.1	CDF5	Bo2g088760	227	253	-	13.9545	7.26e-06	0.0212	TTTGCACCTTTTTGATTTATGTTTTCC
MA1046.1	NTL9	Csa07g051880	374	382	+	16.8455	7.28e-06	0.0393	TTAAGTAAT
MA1327.2	ATHB-23	Bo2g088760	405	414	+	13.8644	7.3e-06	0.0124	ATAATTAATT
MA1156.1	JKD	EC1.2_AT2G21740	481	500	-	13.8182	7.39e-06	0.0419	TTTTGTTTTGTTTTGTTTTG
MA1268.1	CDF5	EC1.2_AT2G21740	139	165	-	13.8485	7.77e-06	0.0212	ATTGAACTTTATGCTATGTTTTCTTTA
MA1747.1	DOF4.3	Bo2g088760	96	109	+	14.4262	7.86e-06	0.0412	acaaagaatcttta
MA0554.1	SOC1	Bo2g088760	326	340	+	14.0323	7.89e-06	0.0426	TATTTCCATATTTAT
MA1356.1	TRP2	Bo2g088760	362	382	-	6.4697	7.95e-06	0.0384	GAACCAAAACCCTAACCAGGA
MA1329.2	ZHD1	Bo2g088760	55	67	-	14.378	8.07e-06	0.0142	ATATTAATTAAAA
MA1278.1	DOF3.4	VIT_07s0031g02070	459	479	+	13.9091	8.07e-06	0.0452	CATCTTTTTCTTCATCTTTCT
MA1164.1	HHO5	Bo2g088760	100	110	-	14.2727	8.16e-06	0.0457	CTAAAGATTCT
MA1824.1	Zm00001d005692	Bo2g088760	401	412	+	13.189	8.22e-06	0.042	CACAATAATTAA
MA1403.1	BPC5	VIT_07s0031g02070	450	479	-	-34.6463	8.24e-06	0.0247	AGAAAGATGAAGAAAAAGATGAAGGTTGGA
MA1330.1	ZHD6	EC1.2_AT2G21740	395	409	-	14.0597	8.39e-06	0.0116	AAGAGTAATTAAAAA
MA1215.1	ATHB-53	Bo2g088760	402	412	+	14.5672	8.39e-06	0.0428	ACAATAATTAA
MA1330.1	ZHD6	Bo2g088760	456	470	-	14.0448	8.54e-06	0.0116	ATTTTTAATTAATTA
MA1329.2	ZHD1	Bo2g088760	402	414	+	14.3071	8.85e-06	0.0142	ACAATAATTAATT
MA1355.1	TRB2	Bo2g088760	366	380	-	14.6061	8.9e-06	0.0536	ACCAAAACCCTAACC
MA0558.1	FLC	HORVU7Hr1G101980	169	189	+	13.8143	9.09e-06	0.0515	GTTACCCACAAAAAGAAAGAG
MA1186.1	YAB4	Csa07g051880	249	263	-	13.9545	9.16e-06	0.0494	AATATCATTATCCAT
MA1069.2	TGA6	HORVU4Hr1G020010	73	87	-	14.2755	9.21e-06	0.0566	AGTGTGATGTCATTG
MA2010.1	SMB	Csa07g051880	104	114	+	13.0918	9.22e-06	0.0585	CACAAGCAAAC
MA1807.1	ZHD10	Bo2g088760	56	66	+	13.6984	9.23e-06	0.0154	tttaattaata
MA0556.1	AP3	HORVU7Hr1G101980	172	186	+	13.9286	9.27e-06	0.0317	ACCCACAAAAAGAAA
MA1274.1	DOF3.6	Csa07g051880	326	346	-	13.7576	9.29e-06	0.0227	GTTTCTTTAATATTATTTTCT
MA1687.1	ARF14	HORVU4Hr1G020010	284	299	-	12.6992	9.36e-06	0.0617	CGGGAGAGACGTCGGT
MA1676.2	NAC062	Csa07g051880	371	384	+	13.626	9.38e-06	0.0501	CCATTAAGTAATAA
MA1327.2	ATHB-23	VIT_07s0031g02070	350	359	-	13.8305	9.73e-06	0.0124	TTAATTAAAT
MA2053.1	NAC105	VIT_07s0031g02070	159	171	+	13.6224	9.87e-06	0.0337	TTGAAGCAACCAG
MA1352.1	TRP1	Csa07g051880	451	471	+	2.32857	9.93e-06	0.0505	ACGCTAAACCTTCATCTCCAA
MA1330.1	ZHD6	Bo2g088760	451	465	+	13.8657	1.03e-05	0.0116	AGGTGTAATTAATTA
MA1330.1	ZHD6	HORVU4Hr1G020010	217	231	-	13.8507	1.05e-05	0.0116	TATTGTAATTAATCT
MA1807.1	ZHD10	Bo2g088760	404	414	+	13.6349	1.08e-05	0.0154	AATAATTAATT
MA1326.1	ZHD5	Bo2g088760	453	463	+	13.2388	1.1e-05	0.0345	GTGTAATTAAT
MA2053.1	NAC105	Csa07g051880	104	116	+	13.5204	1.11e-05	0.0337	CACAAGCAAACTA
MA2033.1	NAC038	Csa07g051880	8	31	-	12.2424	1.13e-05	0.0351	AATTATCTTATTCCACAGGTTACT
MA1823.1	Zm00001d027846	HORVU7Hr1G101980	178	189	+	13.544	1.15e-05	0.0638	AAAAAGAAAGAG
MA1267.1	DOF5.8	VIT_07s0031g02070	458	486	+	13.3485	1.17e-05	0.044	TCATCTTTTTCTTCATCTTTCTCTGTCCA
MA0556.1	AP3	Bo2g088760	328	342	-	13.5571	1.2e-05	0.0317	TAATAAATATGGAAA
MA1093.1	WRKY75	HORVU4Hr1G020010	487	494	-	12.7705	1.21e-05	0.0744	CGGTCAAC
MA1092.1	WRKY63	HORVU4Hr1G020010	487	494	-	13.6721	1.21e-05	0.0769	CGGTCAAC
MA1078.1	WRKY2	HORVU4Hr1G020010	487	494	-	13.2131	1.21e-05	0.0808	CGGTCAAC
MA1268.1	CDF5	VIT_07s0031g02070	456	482	+	13.1364	1.21e-05	0.0214	CTTCATCTTTTTCTTCATCTTTCTCTG
MA1274.1	DOF3.6	VIT_07s0031g02070	458	478	+	13.3636	1.21e-05	0.0227	TCATCTTTTTCTTCATCTTTC
MA2005.1	NAC016	Csa07g051880	104	114	+	13	1.22e-05	0.0786	CACAAGCAAAC
MA1159.1	SGR5	VIT_07s0031g02070	51	65	-	13.2121	1.23e-05	0.0552	CAAAAATAACAAAAA
MA1272.2	DOF2.2	EC1.2_AT2G21740	392	401	-	12.8361	1.26e-05	0.069	TTAAAAAGTT
MA1686.1	ARF13	HORVU4Hr1G020010	288	301	-	12.2135	1.27e-05	0.0838	AGCGGGAGAGACGT
MA2033.1	NAC038	Csa07g051880	7	30	+	12	1.27e-05	0.0351	AAGTAACCTGTGGAATAAGATAAT
MA0082.1	squamosa	HORVU7Hr1G101980	174	187	+	13.3333	1.3e-05	0.0339	CCACAAAAAGAAAG
MA1277.1	DOF1.7	VIT_07s0031g02070	453	473	-	13.3788	1.32e-05	0.0518	ATGAAGAAAAAGATGAAGGTT
MA1274.1	DOF3.6	EC1.2_AT2G21740	390	410	+	13.2121	1.34e-05	0.0227	CCAACTTTTTAATTACTCTTA
MA1030.1	P0510F09.23	Bo2g088760	366	375	-	11.2903	1.39e-05	0.0594	AACCCTAACC
MA1400.1	AT1G19000	Csa07g051880	247	260	+	13.6061	1.43e-05	0.0807	TGATGGATAATGAT
MA1373.1	GAF1	Csa07g051880	119	133	+	11.6829	1.45e-05	0.0376	TAGAAAACAACACAT
MA1172.1	MYB3R5	VIT_07s0031g02070	304	318	+	13.6515	1.46e-05	0.085	CAAAACTGACCGTTT
MA1160.1	IDD6	EC1.2_AT2G21740	481	500	-	11.7857	1.48e-05	0.0905	TTTTGTTTTGTTTTGTTTTG
MA1356.1	TRP2	Csa07g051880	450	470	+	4.5303	1.49e-05	0.0384	GACGCTAAACCTTCATCTCCA
MA0575.1	MYB77	VIT_07s0031g02070	82	94	-	13.622	1.49e-05	0.099	AGTCGGCAGTTAC
MA1747.1	DOF4.3	Bo2g088760	97	110	-	11.4426	1.5e-05	0.0412	CTAAAGATTCTTTG
MA0008.3	HAT5	Bo2g088760	400	414	-	13.3636	1.52e-05	0.0357	AATTAATTATTGTGA
MA0008.3	HAT5	Bo2g088760	400	414	+	13.3506	1.53e-05	0.0357	TCACAATAATTAATT
MA1281.1	DOF5.1	VIT_07s0031g02070	460	480	-	13.0606	1.56e-05	0.0583	GAGAAAGATGAAGAAAAAGAT
MA2009.1	NAC010	Csa07g051880	9	32	+	11.697	1.6e-05	0.0426	GTAACCTGTGGAATAAGATAATTA
MA0563.1	SEP3	HORVU7Hr1G101980	174	184	-	12.9737	1.63e-05	0.0902	TCTTTTTGTGG
MA1213.2	ZHD3	Bo2g088760	401	413	-	13.3587	1.65e-05	0.0798	ATTAATTATTGTG
MA1403.1	BPC5	VIT_07s0031g02070	460	489	-	-38.4146	1.67e-05	0.0332	ATCTGGACAGAGAAAGATGAAGAAAAAGAT
MA1751.1	EIL3	HORVU7Hr1G101980	112	122	-	13.2632	1.75e-05	0.104	AAGGTACATTA
MA1274.1	DOF3.6	Bo2g088760	230	250	-	12.803	1.76e-05	0.0227	GCACCTTTTTGATTTATGTTT
MA1267.1	DOF5.8	Bo2g088760	234	262	-	12.697	1.76e-05	0.044	TTATAAAACTTTGCACCTTTTTGATTTAT
MA1394.2	MYB73	VIT_07s0031g02070	308	319	-	13.4516	1.77e-05	0.106	GAAACGGTCAGT
MA1329.2	ZHD1	VIT_07s0031g02070	350	362	-	13.3858	1.81e-05	0.0217	CCATTAATTAAAT
MA1156.1	JKD	VIT_07s0031g02070	47	66	+	12.0606	1.83e-05	0.0518	taattttttgttatttttGG
MA1330.1	ZHD6	Bo2g088760	53	67	+	13.2836	1.84e-05	0.0169	tattttaattaatat
MA1012.1	AGL27	Bo2g088760	327	340	+	12.25	1.85e-05	0.0467	ATTTCCATATTTAT
MA1404.1	BPC1	VIT_07s0031g02070	459	482	-	3.34848	1.85e-05	0.0236	CAGAGAAAGATGAAGAAAAAGATG
MA1268.1	CDF5	Bo2g088760	226	252	-	12.4242	1.86e-05	0.0214	TTGCACCTTTTTGATTTATGTTTTCCT
MA1199.1	AGL16	Bo2g088760	328	342	+	12.5758	1.9e-05	0.111	TTTCCATATTTATTA
MA1277.1	DOF1.7	HORVU4Hr1G020010	430	450	+	12.9242	1.9e-05	0.0518	aaaaaaaaaaaGAATCATCAG
MA1802.1	TRP5	Bo2g088760	370	379	-	11.1631	1.91e-05	0.121	CCAAAACCCT
MA1159.1	SGR5	EC1.2_AT2G21740	482	496	+	12.3485	1.92e-05	0.0552	aaaacaaaacaaaac
MA2035.1	NAC075	Csa07g051880	6	29	+	11.8636	1.95e-05	0.112	GAAGTAACCTGTGGAATAAGATAA
MA1030.1	P0510F09.23	Csa07g051880	263	272	+	11.2581	1.96e-05	0.0594	TACCCTAGCA
MA1268.1	CDF5	Csa07g051880	322	348	-	12.3333	1.96e-05	0.0214	TGGTTTCTTTAATATTATTTTCTTGTA
MA0938.2	NAC058	Csa07g051880	9	32	-	11	1.97e-05	0.0607	TAATTATCTTATTCCACAGGTTAC
MA1807.1	ZHD10	Bo2g088760	454	464	+	13.2381	1.98e-05	0.0226	TGTAATTAATT
MA1404.1	BPC1	VIT_07s0031g02070	457	480	-	3.10606	2.01e-05	0.0236	GAGAAAGATGAAGAAAAAGATGAA
MA0938.2	NAC058	Csa07g051880	6	29	+	10.9355	2.03e-05	0.0607	GAAGTAACCTGTGGAATAAGATAA
MA1193.1	AT2G38090	Bo2g088760	334	354	+	12.6341	2.03e-05	0.0965	TATTTATTAGATAATTATGTA
MA2027.1	MYB44	VIT_07s0031g02070	308	319	-	13.3367	2.03e-05	0.129	GAAACGGTCAGT
MA1326.1	ZHD5	HORVU4Hr1G020010	219	229	-	12.8806	2.04e-05	0.039	TTGTAATTAAT
MA1327.2	ATHB-23	Bo2g088760	55	64	-	13.1525	2.06e-05	0.0175	TTAATTAAAA
MA1327.2	ATHB-23	Bo2g088760	459	468	+	13.1525	2.06e-05	0.0175	TTAATTAAAA
MA1695.1	ARF36	HORVU4Hr1G020010	287	300	-	12.3853	2.07e-05	0.137	GCGGGAGAGACGTC
MA1404.1	BPC1	VIT_07s0031g02070	455	478	-	3.01515	2.07e-05	0.0236	GAAAGATGAAGAAAAAGATGAAGG
MA0580.1	DYT1	EC1.2_AT2G21740	9	22	+	10.0826	2.07e-05	0.134	AGTGACACACATGA
MA1682.1	TCX3	VIT_07s0031g02070	100	113	-	12.6721	2.07e-05	0.0954	ATTTATTCAAATCT
MA1168.1	MYR2	HORVU4Hr1G020010	239	252	+	13.197	2.22e-05	0.063	TAGGGAATCTATTT
MA1823.1	Zm00001d027846	EC1.2_AT2G21740	138	149	+	12.544	2.24e-05	0.0638	TTAAAGAAAACA
MA0558.1	FLC	Bo2g088760	325	345	-	12.3286	2.25e-05	0.0636	ATCTAATAAATATGGAAATAC
MA1168.1	MYR2	Bo2g088760	97	110	+	13.1818	2.26e-05	0.063	caaagaatctttag
MA1088.1	WRKY48	HORVU4Hr1G020010	486	495	-	9.75806	2.27e-05	0.128	GCGGTCAACA
MA1371.1	IDD4	EC1.2_AT2G21740	481	497	+	10.8182	2.29e-05	0.133	caaaacaaaacaaaaca
MA2046.1	NAC035	HORVU7Hr1G101980	472	485	+	12.7317	2.37e-05	0.157	TAAATACGGCAACT
MA1373.1	GAF1	EC1.2_AT2G21740	481	495	+	10.378	2.38e-05	0.0376	caaaacaaaacaaaa
MA1373.1	GAF1	EC1.2_AT2G21740	486	500	+	10.378	2.38e-05	0.0376	caaaacaaaacaaaa
MA1329.2	ZHD1	Bo2g088760	457	469	-	12.9685	2.39e-05	0.0229	TTTTTAATTAATT
MA1180.1	MYB3R4	VIT_07s0031g02070	305	319	+	13.0152	2.39e-05	0.15	AAAACTGACCGTTTC
MA1784.1	NAC011	EC1.1_AT1G76750	114	134	+	9.31148	2.39e-05	0.143	ATTTCTTCGGTTTCAAGATGA
MA1326.1	ZHD5	HORVU4Hr1G020010	232	242	+	12.7761	2.47e-05	0.039	ATGTAATTAGG
MA2043.1	NAC004	Csa07g051880	322	332	+	12.918	2.5e-05	0.159	TACAAGAAAAT
MA1327.2	ATHB-23	VIT_07s0031g02070	352	361	+	13.0678	2.5e-05	0.0182	TTAATTAATG
MA1814.1	RIN	HORVU7Hr1G101980	171	185	-	12.28	2.53e-05	0.0616	TTCTTTTTGTGGGTA
MA1090.1	WRKY60	HORVU4Hr1G020010	485	495	-	13.1311	2.56e-05	0.163	GCGGTCAACAA
MA0573.1	ATHB-9	HORVU7Hr1G101980	448	466	-	7.92661	2.56e-05	0.168	GGCGCCGATGATGGCGCGC
MA1162.1	TCX2	EC1.1_AT1G76750	59	73	-	11.6716	2.6e-05	0.0718	ACTGCAAATTTGAAA
MA0548.2	AGL15	HORVU7Hr1G101980	169	187	-	11.1667	2.61e-05	0.0997	CTTTCTTTTTGTGGGTAAC
MA1402.1	BPC6	VIT_07s0031g02070	460	480	+	1.21053	2.62e-05	0.0852	ATCTTTTTCTTCATCTTTCTC
MA0952.1	ATHB-51	Bo2g088760	403	410	-	13.396	2.65e-05	0.136	AATTATTG
MA1275.1	DOF1.6	Csa07g051880	30	40	-	12.3788	2.7e-05	0.164	GTATAAAGTAA
MA2037.1	NAC096	EC1.1_AT1G76750	410	420	-	12.8776	2.72e-05	0.16	CCCAAGTAATT
MA1427.2	NAC028	EC1.1_AT1G76750	408	420	-	12.4898	2.74e-05	0.151	CCCAAGTAATTAC
MA1267.1	DOF5.8	VIT_07s0031g02070	446	474	+	11.9545	2.75e-05	0.044	CACCTCCAACCTTCATCTTTTTCTTCATC
MA1373.1	GAF1	EC1.2_AT2G21740	484	498	+	9.9878	2.77e-05	0.0376	aacaaaacaaaacaa
MA1162.1	TCX2	Bo2g088760	209	223	+	11.5075	2.79e-05	0.0718	TGTGGAAATTTGAAA
MA1328.1	ZHD9	EC1.2_AT2G21740	341	355	-	12.8507	2.81e-05	0.0377	ATAGTCACTTAATCA
MA1367.1	AT1G76870	Bo2g088760	267	280	-	12.6818	2.82e-05	0.0649	TAAATAAACCACAA
MA1211.1	ATHB-X	Bo2g088760	402	412	-	13.3433	2.82e-05	0.157	TTAATTATTGT
MA2048.1	NAC045	Csa07g051880	104	116	+	12.4679	2.84e-05	0.0802	CACAAGCAAACTA
MA1354.1	AT4G12670	EC1.2_AT2G21740	319	347	-	-12.2697	2.87e-05	0.145	TTAATCATGAAACGTTAAAGCATTTGACT
MA1270.1	DOF3.2	EC1.2_AT2G21740	390	408	+	12.4848	2.9e-05	0.0534	CCAACTTTTTAATTACTCT
MA1327.2	ATHB-23	Bo2g088760	455	464	+	12.8983	2.9e-05	0.0185	GTAATTAATT
MA2045.1	NAC031	Csa07g051880	9	32	-	10.9032	2.92e-05	0.0942	TAATTATCTTATTCCACAGGTTAC
MA1210.2	HAT22	Bo2g088760	401	413	+	12.4821	2.92e-05	0.148	CACAATAATTAAT
MA1270.1	DOF3.2	EC1.2_AT2G21740	145	163	-	12.4697	2.93e-05	0.0534	TGAACTTTATGCTATGTTT
MA1678.2	NTL8	VIT_07s0031g02070	159	171	+	12.3211	2.98e-05	0.0886	TTGAAGCAACCAG
MA0082.1	squamosa	Csa07g051880	29	42	-	12.3444	3.01e-05	0.0525	CCGTATAAAGTAAT
MA1273.1	DOF4.2	VIT_07s0031g02070	454	472	-	12.3636	3.03e-05	0.0797	TGAAGAAAAAGATGAAGGT
MA1760.1	HSFA6A	VIT_07s0031g02070	161	173	+	8.21311	3.04e-05	0.18	GAAGCAACCAGAA
MA1277.1	DOF1.7	Bo2g088760	235	255	+	12.303	3.06e-05	0.0554	TAAATCAAAAAGGTGCAAAGT
MA1164.1	HHO5	HORVU4Hr1G020010	242	252	-	12.8182	3.06e-05	0.0859	AAATAGATTCC
MA1812.1	ASR1	EC1.1_AT1G76750	286	300	+	12.4474	3.07e-05	0.203	ATCCGGCCCATTAGC
MA1373.1	GAF1	EC1.2_AT2G21740	479	493	+	9.60976	3.16e-05	0.0376	cgcaaaacaaaacaa
MA1807.1	ZHD10	EC1.1_AT1G76750	314	324	-	12.7778	3.21e-05	0.0306	CGTAATTAGTG
MA1685.1	ARF10	HORVU4Hr1G020010	289	303	-	11.789	3.22e-05	0.177	CGAGCGGGAGAGACG
MA0940.1	AP1	HORVU7Hr1G101980	174	186	+	11.9841	3.22e-05	0.081	CCACAAAAAGAAA
MA0934.1	AHL25	Bo2g088760	407	414	+	11.6696	3.23e-05	0.0341	AATTAATT
MA0934.1	AHL25	Bo2g088760	407	414	-	11.6696	3.23e-05	0.0341	AATTAATT
MA0934.1	AHL25	Bo2g088760	457	464	+	11.6696	3.23e-05	0.0341	AATTAATT
MA0934.1	AHL25	Bo2g088760	457	464	-	11.6696	3.23e-05	0.0341	AATTAATT
MA0933.1	AHL20	Bo2g088760	184	191	+	12.0882	3.23e-05	0.0446	aattaaat
MA0933.1	AHL20	VIT_07s0031g02070	350	357	-	12.0882	3.23e-05	0.0446	AATTAAAT
MA0932.1	AHL12	Bo2g088760	407	414	+	10.4655	3.23e-05	0.035	AATTAATT
MA0932.1	AHL12	Bo2g088760	407	414	-	10.4655	3.23e-05	0.035	AATTAATT
MA0932.1	AHL12	Bo2g088760	457	464	+	10.4655	3.23e-05	0.035	AATTAATT
MA0932.1	AHL12	Bo2g088760	457	464	-	10.4655	3.23e-05	0.035	AATTAATT
MA2045.1	NAC031	Csa07g051880	6	29	+	10.6613	3.28e-05	0.0942	GAAGTAACCTGTGGAATAAGATAA
MA1336.1	TGA3	HORVU4Hr1G020010	72	85	-	10.3182	3.29e-05	0.198	TGTGATGTCATTGA
MA1390.2	HHO2	Bo2g088760	96	109	-	12.3596	3.3e-05	0.114	TAAAGATTCTTTGT
MA0034.1	Gam1	HORVU4Hr1G020010	280	289	+	11.7677	3.31e-05	0.22	TGCAACCGAC
MA1367.1	AT1G76870	EC1.1_AT1G76750	358	371	+	12.4697	3.38e-05	0.0649	CCACTAAACCACTA
MA1670.1	DREB1C	VIT_07s0031g02070	84	98	+	12.4954	3.4e-05	0.224	AACTGCCGACTTACA
MA1047.2	TGA5	HORVU4Hr1G020010	72	86	+	11.84	3.47e-05	0.227	tcaatGACATCACAC
MA1809.1	GLYMA-07G038400	Csa07g051880	359	369	+	12.6145	3.47e-05	0.169	GCCTGACACAT
MA1330.1	ZHD6	Bo2g088760	54	68	-	12.5224	3.48e-05	0.0274	AATATTAATTAAAAT
MA1274.1	DOF3.6	EC1.2_AT2G21740	127	147	-	11.6818	3.51e-05	0.0362	TTTTCTTTAAACTCCTTGTAT
MA0971.1	DREB1A	VIT_07s0031g02070	86	95	-	12.4098	3.53e-05	0.236	AAGTCGGCAG
MA1281.1	DOF5.1	Csa07g051880	400	420	+	11.7273	3.53e-05	0.0583	AACAAAGTTAAATTAGTAAAA
MA1279.1	DOF1.5	EC1.2_AT2G21740	145	165	+	12.0606	3.55e-05	0.0694	AAACATAGCATAAAGTTCAAT
MA1677.1	NAC078	Csa07g051880	322	333	+	12.6974	3.59e-05	0.218	TACAAGAAAATA
MA0578.1	SPL8	HORVU7Hr1G101980	110	125	+	12.5169	3.66e-05	0.0906	TATAATGTACCTTCCT
MA1329.2	ZHD1	Bo2g088760	54	66	+	12.2205	3.69e-05	0.0295	attttaattaata
MA1676.2	NAC062	EC1.1_AT1G76750	185	198	-	12.2195	3.7e-05	0.0987	TGGGTAAGTAAAGT
MA1690.1	ARF25	HORVU7Hr1G101980	326	340	+	11.2245	3.71e-05	0.174	AAGCAGGAGACGATG
MA1823.1	Zm00001d027846	VIT_07s0031g02070	462	473	-	11.656	3.78e-05	0.0717	ATGAAGAAAAAG
MA1267.1	DOF5.8	Bo2g088760	116	144	-	11.3939	3.79e-05	0.044	AATAATTTATTTATTGCCTTATATTTAAT
MA1750.1	E2FE	EC1.1_AT1G76750	205	219	-	0.131148	3.86e-05	0.246	ATCTTTGCGAGAAAA
MA1732.1	E2FD	EC1.1_AT1G76750	205	219	-	0.131148	3.86e-05	0.25	ATCTTTGCGAGAAAA
MA1193.1	AT2G38090	Csa07g051880	172	192	+	11.3537	3.87e-05	0.0965	TATGTTTTAGATAATGGTATA
MA1403.1	BPC5	VIT_07s0031g02070	454	483	-	-43.4024	3.89e-05	0.0582	ACAGAGAAAGATGAAGAAAAAGATGAAGGT
MA0583.1	RAV1	Csa07g051880	356	367	+	11.6707	3.9e-05	0.259	ATCGCCTGACAC
MA2048.1	NAC045	Csa07g051880	4	16	+	12.0367	3.93e-05	0.0802	GAGAAGTAACCTG
MA2049.1	NAC053	Csa07g051880	322	333	+	12.7895	3.98e-05	0.238	TACAAGAAAATA
MA1212.1	ATHB-13	Bo2g088760	136	146	-	12.6567	4e-05	0.101	TAAATAATTTA
MA1758.1	HSFA1E	VIT_07s0031g02070	160	174	+	9.7541	4.02e-05	0.259	TGAAGCAACCAGAAG
MA1204.1	AGL13	EC1.2_AT2G21740	175	192	+	8.65714	4.04e-05	0.105	AAACCATATACAGTATAT
MA1678.2	NTL8	Csa07g051880	4	16	+	11.8165	4.08e-05	0.0886	GAGAAGTAACCTG
MA1807.1	ZHD10	EC1.1_AT1G76750	374	384	-	12.4762	4.09e-05	0.0334	GATAATTAGTG
MA1390.2	HHO2	HORVU4Hr1G020010	238	251	-	12.0899	4.1e-05	0.114	AATAGATTCCCTAA
MA1369.1	HDG1	Bo2g088760	455	465	+	12.209	4.11e-05	0.11	GTAATTAATTA
MA1416.1	RAMOSA1	HORVU7Hr1G101980	181	194	+	7.78571	4.13e-05	0.273	AAGAAAGAGAGCGC
MA1281.1	DOF5.1	Bo2g088760	174	194	+	11.4545	4.13e-05	0.0583	aaaatagcaaaattaaataag
MA0555.1	SVP	Bo2g088760	325	344	-	10.7561	4.16e-05	0.106	TCTAATAAATATGGAAATAC
MA1208.1	GT-2	EC1.2_AT2G21740	352	365	+	12.0303	4.16e-05	0.212	CTATTTACCGTCAA
MA1068.2	TGA2	HORVU4Hr1G020010	72	86	+	10.4032	4.17e-05	0.144	tcaatGACATCACAC
MA1166.1	PHL12	Bo2g088760	96	109	+	10.6316	4.17e-05	0.244	acaaagaatcttta
MA2034.1	NAC057	EC1.1_AT1G76750	410	420	-	12.5138	4.18e-05	0.245	CCCAAGTAATT
MA1070.2	TGA7	HORVU4Hr1G020010	72	86	+	11.0556	4.19e-05	0.185	tcaatGACATCACAC
MA1374.1	IDD7	EC1.2_AT2G21740	481	498	+	9.65152	4.2e-05	0.25	caaaacaaaacaaaacaa
MA1274.1	DOF3.6	HORVU4Hr1G020010	425	445	-	11.3636	4.23e-05	0.0364	GATTCTTTTTTTTTTTGCGAG
MA1204.1	AGL13	Bo2g088760	326	343	-	8.51429	4.24e-05	0.105	CTAATAAATATGGAAATA
MA1269.1	DOF4.5	EC1.1_AT1G76750	226	239	+	11.9091	4.27e-05	0.099	GGTAAAGCTGATTT
MA1674.2	NAC017	EC1.1_AT1G76750	410	421	-	12.0323	4.31e-05	0.247	GCCCAAGTAATT
MA1270.1	DOF3.2	VIT_07s0031g02070	458	476	+	11.9242	4.32e-05	0.059	TCATCTTTTTCTTCATCTT
MA0548.2	AGL15	Bo2g088760	327	345	+	10.0303	4.34e-05	0.0997	ATTTCCATATTTATTAGAT
MA0977.1	DOF2.5	HORVU7Hr1G101980	271	278	+	11.9213	4.35e-05	0.182	ATAAAGTG
MA1387.1	HRS1	Bo2g088760	100	114	-	11.8788	4.36e-05	0.123	TTAACTAAAGATTCT
MA1387.1	HRS1	Bo2g088760	193	207	-	11.8788	4.36e-05	0.123	TGTATGCGATATTCT
MA1214.1	ATHB-40	Bo2g088760	395	415	-	11.3636	4.37e-05	0.12	CAATTAATTATTGTGATTTCT
MA1802.1	TRP5	EC1.2_AT2G21740	250	259	+	10.7943	4.4e-05	0.13	GTTAAACCTT
MA1269.1	DOF4.5	EC1.2_AT2G21740	387	400	-	11.8636	4.41e-05	0.099	TAAAAAGTTGGATT
MA1678.2	NTL8	Csa07g051880	337	349	+	11.6972	4.41e-05	0.0886	TTAAAGAAACCAG
MA1209.1	ATHB-20	Bo2g088760	136	146	-	12.3889	4.42e-05	0.115	TAAATAATTTA
MA1068.2	TGA2	HORVU4Hr1G020010	73	87	-	10.2581	4.42e-05	0.144	AGTGTGATGTCATTG
MA1161.1	TSO1	Bo2g088760	208	222	+	10.5972	4.44e-05	0.128	TTGTGGAAATTTGAA
MA1381.1	AT3G46070	HORVU7Hr1G101980	101	115	-	12.1053	4.44e-05	0.129	ATTATATCACTCAAT
MA1381.1	AT3G46070	HORVU7Hr1G101980	127	141	-	12.1053	4.44e-05	0.129	ATTATATCACTCAAT
MA1328.1	ZHD9	Bo2g088760	49	63	+	12.1194	4.45e-05	0.0377	aatatattttaatta
MA0123.1	abi4	HORVU7Hr1G101980	460	469	+	11.8202	4.45e-05	0.297	CGGCGCCCTG
MA1032.1	DREB1G	VIT_07s0031g02070	86	95	+	12.459	4.48e-05	0.299	CTGCCGACTT
MA1329.2	ZHD1	EC1.2_AT2G21740	396	408	-	11.8504	4.51e-05	0.0309	AGAGTAATTAAAA
MA1328.1	ZHD9	EC1.1_AT1G76750	368	382	+	12.0896	4.52e-05	0.0377	ACTAAGCACTAATTA
MA1776.1	MYB67	HORVU7Hr1G101980	287	307	-	12.1311	4.53e-05	0.256	CCTACCCACCGTTTTTTCTAG
MA1375.1	ANL2	Bo2g088760	455	465	-	11.8182	4.54e-05	0.1	TAATTAATTAC
MA1328.1	ZHD9	Bo2g088760	336	350	+	12.0746	4.56e-05	0.0377	TTTATTAGATAATTA
MA1323.1	GATA19	HORVU4Hr1G020010	452	462	-	11.9342	4.57e-05	0.304	CCGATCGGCTC
MA1352.1	TRP1	HORVU4Hr1G020010	99	119	-	-3.07143	4.59e-05	0.0836	AACATGAAACATAAATCACAA
MA0990.1	HDG11	VIT_07s0031g02070	348	357	-	11.0686	4.59e-05	0.228	AATTAAATGC
MA1272.2	DOF2.2	HORVU7Hr1G101980	176	185	+	12.3607	4.6e-05	0.126	ACAAAAAGAA
MA1281.1	DOF5.1	VIT_07s0031g02070	448	468	-	11.2273	4.7e-05	0.0583	GAAAAAGATGAAGGTTGGAGG
MA1205.1	AGL6	HORVU7Hr1G101980	171	189	+	9.37879	4.71e-05	0.196	TACCCACAAAAAGAAAGAG
MA1273.1	DOF4.2	HORVU4Hr1G020010	431	449	+	11.5909	4.8e-05	0.0841	aaaaaaaaaaGAATCATCA
MA1195.1	AT5G56840	Csa07g051880	175	189	-	11.4545	4.81e-05	0.161	ACCATTATCTAAAAC
MA1279.1	DOF1.5	Bo2g088760	232	252	+	11.5909	4.82e-05	0.0694	ACATAAATCAAAAAGGTGCAA
MA1379.1	SOL1	EC1.2_AT2G21740	90	104	+	10.1791	4.86e-05	0.0791	GTACATAATTTAAAA
MA1807.1	ZHD10	HORVU4Hr1G020010	218	228	-	12.3175	4.87e-05	0.0348	TGTAATTAATC
MA1267.1	DOF5.8	EC1.2_AT2G21740	147	175	-	10.9394	4.87e-05	0.044	TTTACTACTCATTGAACTTTATGCTATGT
MA1214.1	ATHB-40	Bo2g088760	133	153	+	11.1364	4.88e-05	0.12	aaataaattatttattaattt
MA1827.1	Zm00001d044785	HORVU7Hr1G101980	161	171	-	11.6423	4.9e-05	0.327	AACCTTATCGA
MA1352.1	TRP1	Bo2g088760	224	244	+	-3.34286	4.94e-05	0.0836	ACAGGAAAACATAAATCAAAA
MA1402.1	BPC6	VIT_07s0031g02070	462	482	+	-1.03947	4.95e-05	0.0852	CTTTTTCTTCATCTTTCTCTG
MA0587.1	TCP16	HORVU4Hr1G020010	306	315	+	11.0244	4.99e-05	0.333	GTGGAACCGG
MA1091.1	WRKY62	Csa07g051880	152	159	-	12.9438	5.04e-05	0.2	TGGTCAAA
MA0967.1	BZIP60	HORVU4Hr1G020010	76	83	+	11.7708	5.04e-05	0.168	tGACATCA
MA0967.1	BZIP60	HORVU4Hr1G020010	76	83	-	11.7708	5.04e-05	0.168	TGATGTCA
MA0954.2	ATHB-7	EC1.2_AT2G21740	469	481	-	11.2424	5.07e-05	0.289	GCGATGATTGAGT
MA1809.1	GLYMA-07G038400	VIT_07s0031g02070	402	412	-	12.1325	5.09e-05	0.169	GCCTGACACTA
MA1034.1	Os05g0497200	HORVU7Hr1G101980	460	467	+	7.89908	5.11e-05	0.342	CGGCGCCC
MA0581.1	LEC2	VIT_07s0031g02070	213	223	+	12.0758	5.15e-05	0.343	GCCATGCAAAA
MA1213.2	ZHD3	Bo2g088760	135	147	+	11.4783	5.18e-05	0.108	ataaattatttat
MA2006.1	NAC020	Csa07g051880	9	32	-	8.59016	5.18e-05	0.157	TAATTATCTTATTCCACAGGTTAC
MA0008.3	HAT5	Bo2g088760	134	148	-	10.9221	5.19e-05	0.0808	AATAAATAATTTATT
MA1775.1	MYB61	HORVU7Hr1G101980	296	308	-	12.1148	5.2e-05	0.286	CCCTACCCACCGT
MA1697.1	ARF4	HORVU4Hr1G020010	298	309	-	11.3333	5.21e-05	0.346	CCACGACGAGCG
MA1402.1	BPC6	VIT_07s0031g02070	456	476	+	-1.23684	5.23e-05	0.0852	CTTCATCTTTTTCTTCATCTT
MA1427.2	NAC028	Csa07g051880	104	116	+	11.6327	5.24e-05	0.151	CACAAGCAAACTA
MA1267.1	DOF5.8	Bo2g088760	235	263	-	10.803	5.25e-05	0.044	TTTATAAAACTTTGCACCTTTTTGATTTA
MA1748.1	DREB1F	VIT_07s0031g02070	87	95	+	11.8289	5.25e-05	0.351	TGCCGACTT
MA1690.1	ARF25	HORVU4Hr1G020010	288	302	-	10.5204	5.28e-05	0.174	GAGCGGGAGAGACGT
MA1280.1	DOF5.4	EC1.2_AT2G21740	387	400	-	11.8788	5.29e-05	0.141	TAAAAAGTTGGATT
MA1403.1	BPC5	VIT_07s0031g02070	462	491	-	-45.378	5.29e-05	0.0634	ATATCTGGACAGAGAAAGATGAAGAAAAAG
MA2036.1	NAC076	VIT_07s0031g02070	159	170	+	12	5.3e-05	0.163	TTGAAGCAACCA
MA0940.1	AP1	VIT_07s0031g02070	54	66	-	11.3016	5.34e-05	0.085	CCAAAAATAACAA
MA1380.1	TCX6	VIT_07s0031g02070	95	109	-	10.3134	5.35e-05	0.147	ATTCAAATCTCTGTA
MA1174.1	MYB56	Csa07g051880	377	391	+	11.8333	5.35e-05	0.297	AGTAATAACGATTAA
MA1685.1	ARF10	HORVU7Hr1G101980	325	339	+	10.8257	5.35e-05	0.177	GAAGCAGGAGACGAT
MA0987.1	PHYPADRAFT_140773	VIT_07s0031g02070	219	228	+	7.9802	5.36e-05	0.307	CAAAAAGCTG
MA1328.1	ZHD9	Csa07g051880	294	308	-	11.7761	5.38e-05	0.0377	TTAATAACTTAATTG
MA1348.1	TGA9	HORVU4Hr1G020010	74	84	+	9.69697	5.39e-05	0.359	aatGACATCAC
MA1789.1	NAC071	EC1.1_AT1G76750	118	132	+	11.5574	5.41e-05	0.295	CTTCGGTTTCAAGAT
MA0548.2	AGL15	Bo2g088760	286	304	-	9.51515	5.41e-05	0.0997	CTTACTCTATCAGTAAACT
MA0584.1	SEP1	EC1.2_AT2G21740	174	191	+	11.427	5.48e-05	0.144	AAAACCATATACAGTATA
MA2044.1	NAC007	VIT_07s0031g02070	159	169	+	11.9286	5.54e-05	0.175	TTGAAGCAACC
MA1366.1	DF1	EC1.2_AT2G21740	347	362	-	11.5909	5.59e-05	0.159	ACGGTAAATAGTCACT
MA1084.1	WRKY38	HORVU4Hr1G020010	486	493	+	11.5691	5.61e-05	0.376	TGTTGACC
MA2006.1	NAC020	Csa07g051880	6	29	+	8.37705	5.64e-05	0.157	GAAGTAACCTGTGGAATAAGATAA
MA1406.1	ATHB-4	Bo2g088760	402	411	-	11.6848	5.64e-05	0.314	TAATTATTGT
MA1830.1	Zm00001d015407	Csa07g051880	17	39	-	10.464	5.66e-05	0.156	TATAAAGTAATTATCTTATTCCA
MA2010.1	SMB	VIT_07s0031g02070	159	169	+	11.8061	5.69e-05	0.18	TTGAAGCAACC
MA1010.1	PHYPADRAFT_64121	EC1.2_AT2G21740	353	365	-	11.5645	5.7e-05	0.378	TTGACGGTAAATA
MA1258.1	DREB2A	HORVU4Hr1G020010	276	296	-	11.3333	5.71e-05	0.372	GAGAGACGTCGGTTGCAGGGA
MA1161.1	TSO1	EC1.1_AT1G76750	60	74	-	9.97222	5.72e-05	0.128	TACTGCAAATTTGAA
MA0949.1	ARR2	Bo2g088760	99	108	+	11.8197	5.77e-05	0.351	aagaatcttt
MA1681.1	SRM1	HORVU7Hr1G101980	159	172	+	11.4898	5.77e-05	0.312	CGTCGATAAGGTTA
MA1328.1	ZHD9	VIT_07s0031g02070	344	358	+	11.6418	5.8e-05	0.0377	ATTTGCATTTAATTA
MA1070.2	TGA7	HORVU4Hr1G020010	73	87	-	10.3556	5.8e-05	0.185	AGTGTGATGTCATTG
MA1192.1	DIV1	Csa07g051880	177	191	+	11.5455	5.86e-05	0.245	TTTAGATAATGGTAT
MA1379.1	SOL1	VIT_07s0031g02070	95	109	+	9.67164	5.9e-05	0.0791	TACAGAGATTTGAAT
MA1270.1	DOF3.2	EC1.2_AT2G21740	187	205	-	11.4394	5.97e-05	0.0653	TGAACTTTATGCTATATAC
MA1380.1	TCX6	Csa07g051880	312	326	-	10.0299	5.98e-05	0.147	TTGTAAAAATATGTA
MA1669.1	DREB1B	VIT_07s0031g02070	85	98	+	11.3061	6.03e-05	0.399	ACTGCCGACTTACA
MA1336.1	TGA3	HORVU4Hr1G020010	74	87	+	8.57576	6.04e-05	0.198	aatGACATCACACT
MA1369.1	HDG1	VIT_07s0031g02070	352	362	+	11.4776	6.04e-05	0.11	TTAATTAATGG
MA1269.1	DOF4.5	Bo2g088760	98	111	-	11.3939	6.06e-05	0.099	ACTAAAGATTCTTT
MA1402.1	BPC6	VIT_07s0031g02070	466	486	+	-1.80263	6.1e-05	0.0852	TTCTTCATCTTTCTCTGTCCA
MA1275.1	DOF1.6	HORVU7Hr1G101980	269	279	+	11.6364	6.11e-05	0.185	CAATAAAGTGG
MA1802.1	TRP5	Csa07g051880	453	462	+	10.5248	6.11e-05	0.13	GCTAAACCTT
MA1276.1	DOF3.5	Bo2g088760	240	250	+	11.8788	6.13e-05	0.345	CAAAAAGGTGC
MA0584.1	SEP1	HORVU7Hr1G101980	170	187	+	11.236	6.14e-05	0.144	TTACCCACAAAAAGAAAG
MA0977.1	DOF2.5	Bo2g088760	242	249	+	11.2697	6.14e-05	0.182	AAAAGGTG
MA1366.1	DF1	EC1.2_AT2G21740	168	183	+	11.4394	6.14e-05	0.159	GTAGTAAAAACCATAT
MA1160.1	IDD6	VIT_07s0031g02070	47	66	+	8.42857	6.16e-05	0.188	taattttttgttatttttGG
MA1279.1	DOF1.5	EC1.2_AT2G21740	187	207	+	11.197	6.17e-05	0.0694	GTATATAGCATAAAGTTCAAT
MA1379.1	SOL1	EC1.1_AT1G76750	59	73	-	9.52239	6.23e-05	0.0791	ACTGCAAATTTGAAA
MA1091.1	WRKY62	HORVU4Hr1G020010	487	494	-	12.3483	6.25e-05	0.2	CGGTCAAC
MA1385.1	AT2G40260	Bo2g088760	97	111	-	11.6667	6.31e-05	0.326	ACTAAAGATTCTTTG
MA0558.1	FLC	Bo2g088760	166	186	+	10.4143	6.33e-05	0.12	tagaaatgaaaatagcaaaat
MA0936.1	NAC046	Bo2g088760	321	328	-	10	6.34e-05	0.425	ATACGCCA
MA1077.1	WRKY18	HORVU4Hr1G020010	486	495	-	11.6721	6.37e-05	0.421	GCGGTCAACA
MA1328.1	ZHD9	Bo2g088760	139	153	+	11.4627	6.38e-05	0.0377	attatttattaattt
MA0933.1	AHL20	Bo2g088760	407	414	+	11.1471	6.46e-05	0.0446	AATTAATT
MA0933.1	AHL20	Bo2g088760	407	414	-	11.1471	6.46e-05	0.0446	AATTAATT
MA0933.1	AHL20	Bo2g088760	457	464	+	11.1471	6.46e-05	0.0446	AATTAATT
MA0933.1	AHL20	Bo2g088760	457	464	-	11.1471	6.46e-05	0.0446	AATTAATT
MA0554.1	SOC1	Bo2g088760	171	185	-	10.5645	6.47e-05	0.175	TTTTGCTATTTTCAT
MA1682.1	TCX3	Bo2g088760	214	227	-	10.4918	6.48e-05	0.134	CTGTTTTCAAATTT
MA1379.1	SOL1	Bo2g088760	209	223	+	9.40299	6.51e-05	0.0791	TGTGGAAATTTGAAA
MA1201.1	AGL42	VIT_07s0031g02070	327	333	+	12.7763	6.51e-05	0.205	CATCATC
MA1201.1	AGL42	HORVU7Hr1G101980	454	460	+	12.7763	6.51e-05	0.205	CATCATC
MA1796.1	RAP2-7	EC1.1_AT1G76750	403	410	-	11.5281	6.55e-05	0.439	TACGAGGG
MA1199.1	AGL16	HORVU7Hr1G101980	379	393	-	9.98485	6.64e-05	0.193	ATTCCCATTCTGGTT
MA1747.1	DOF4.3	EC1.1_AT1G76750	227	240	+	5.2623	6.65e-05	0.121	GTAAAGCTGATTTG
MA1403.1	BPC5	HORVU7Hr1G101980	166	195	+	-46.9024	6.66e-05	0.0665	AAGGTTACCCACAAAAAGAAAGAGAGCGCT
MA1824.1	Zm00001d005692	HORVU4Hr1G020010	225	236	+	11.4252	6.67e-05	0.171	TACAATAATGTA
MA1189.1	AT5G61620	Csa07g051880	175	189	+	11.1515	6.69e-05	0.17	GTTTTAGATAATGGT
MA1213.2	ZHD3	Bo2g088760	401	413	+	10.9565	6.71e-05	0.108	CACAATAATTAAT
MA1825.1	Zm00001d044409	HORVU7Hr1G101980	161	171	-	11.8415	6.72e-05	0.432	AACCTTATCGA
MA1279.1	DOF1.5	HORVU4Hr1G020010	427	447	+	11.0455	6.77e-05	0.0694	CGCaaaaaaaaaaaGAATCAT
MA1204.1	AGL13	HORVU7Hr1G101980	171	188	+	7.04286	6.9e-05	0.114	TACCCACAAAAAGAAAGA
MA1388.1	PHL2	VIT_07s0031g02070	246	253	-	11.2879	6.9e-05	0.436	AGAATCTA
MA1330.1	ZHD6	Bo2g088760	401	415	+	11.5224	6.92e-05	0.0477	CACAATAATTAATTG
MA1415.1	REF6	EC1.2_AT2G21740	144	154	+	10.4512	6.92e-05	0.459	AAAACATAGCA
MA2005.1	NAC016	EC1.1_AT1G76750	410	420	-	11.1301	6.93e-05	0.223	CCCAAGTAATT
MA1329.2	ZHD1	VIT_07s0031g02070	349	361	+	11.0079	6.95e-05	0.0417	CATTTAATTAATG
MA1404.1	BPC1	VIT_07s0031g02070	178	201	-	-0.848485	6.96e-05	0.0641	GAGGAAGATTGAGGTATTGAATGG
MA1027.1	KAN1	HORVU4Hr1G020010	348	355	-	9.44056	7e-05	0.41	ACATATTC
MA1362.1	bHLH77	EC1.2_AT2G21740	14	28	-	10.878	7.01e-05	0.463	GATGTGTCATGTGTG
MA2009.1	NAC010	EC1.1_AT1G76750	111	134	-	8.33333	7.05e-05	0.125	TCATCTTGAAACCGAAGAAATCAT
MA1268.1	CDF5	EC1.2_AT2G21740	181	207	-	9.9697	7.05e-05	0.0488	ATTGAACTTTATGCTATATACTGTATA
MA1387.1	HRS1	HORVU4Hr1G020010	242	256	-	11.1212	7.06e-05	0.133	GAAAAAATAGATTCC
MA1278.1	DOF3.4	EC1.2_AT2G21740	379	399	+	11.1364	7.07e-05	0.181	CTCCCACTAATCCAACTTTTT
MA1328.1	ZHD9	EC1.1_AT1G76750	331	345	+	11.2537	7.1e-05	0.0378	TTAATAGAGTAATTA
MA1267.1	DOF5.8	EC1.2_AT2G21740	131	159	-	10.2121	7.17e-05	0.0516	CTTTATGCTATGTTTTCTTTAAACTCCTT
MA0563.1	SEP3	VIT_07s0031g02070	56	66	+	11.1184	7.21e-05	0.2	gttatttttGG
MA1279.1	DOF1.5	Csa07g051880	297	317	+	10.9394	7.21e-05	0.0694	TTAAGTTATTAAAAGTACATA
MA1660.1	NAC013	Csa07g051880	8	31	-	7.63934	7.24e-05	0.203	AATTATCTTATTCCACAGGTTACT
MA1269.1	DOF4.5	Csa07g051880	26	39	-	11.1212	7.27e-05	0.099	TATAAAGTAATTAT
MA1047.2	TGA5	HORVU4Hr1G020010	73	87	-	10.47	7.29e-05	0.238	AGTGTGATGTCATTG
MA1086.1	WRKY43	HORVU4Hr1G020010	485	494	-	10.264	7.34e-05	0.46	CGGTCAACAA
MA1279.1	DOF1.5	Bo2g088760	233	253	+	10.9091	7.34e-05	0.0694	CATAAATCAAAAAGGTGCAAA
MA1813.1	EIL4	Bo2g088760	95	105	+	11.197	7.42e-05	0.239	tacaaagaatc
MA0952.1	ATHB-51	HORVU4Hr1G020010	227	234	-	12.2277	7.48e-05	0.192	CATTATTG
MA1783.1	NAC005	EC1.1_AT1G76750	115	133	+	8.85246	7.59e-05	0.448	TTTCTTCGGTTTCAAGATG
MA0082.1	squamosa	Bo2g088760	171	184	+	11.0667	7.61e-05	0.0994	atgaaaatagcaaa
MA1195.1	AT5G56840	Bo2g088760	337	351	-	10.5606	7.62e-05	0.161	ATAATTATCTAATAA
MA1272.2	DOF2.2	Bo2g088760	239	248	+	11.9344	7.63e-05	0.14	TCAAAAAGGT
MA1274.1	DOF3.6	Csa07g051880	405	425	-	10.303	7.65e-05	0.0564	CTTTCTTTTACTAATTTAACT
MA1189.1	AT5G61620	Bo2g088760	337	351	+	10.9091	7.65e-05	0.17	TTATTAGATAATTAT
MA1215.1	ATHB-53	Bo2g088760	136	146	-	10.8806	7.72e-05	0.197	TAAATAATTTA
MA1660.1	NAC013	EC1.1_AT1G76750	112	135	+	7.45902	7.75e-05	0.203	TGATTTCTTCGGTTTCAAGATGAT
MA1663.2	NAC050	EC1.1_AT1G76750	409	421	-	10.9908	7.76e-05	0.469	GCCCAAGTAATTA
MA1757.1	HDG7	VIT_07s0031g02070	348	358	+	10.871	7.77e-05	0.222	GCATTTAATTA
MA1041.1	MYB55	HORVU7Hr1G101980	297	304	-	11.2041	7.8e-05	0.523	ACCCACCG
MA1404.1	BPC1	VIT_07s0031g02070	465	488	-	-1.25758	7.87e-05	0.0641	TCTGGACAGAGAAAGATGAAGAAA
MA1203.1	AGL63	Bo2g088760	328	342	-	9.48485	7.88e-05	0.228	TAATAAATATGGAAA
MA1328.1	ZHD9	Bo2g088760	58	72	-	11.0448	7.9e-05	0.0383	CTAAAATATTAATTA
MA0981.1	DOF1.8	VIT_07s0031g02070	219	228	+	7.69643	7.9e-05	0.241	CAAAAAGCTG
MA1071.1	DOF5.3	VIT_07s0031g02070	462	468	-	7.1746	7.93e-05	0.454	GAAAAAG
MA1693.1	ARF34	HORVU7Hr1G101980	340	352	-	10.8943	7.94e-05	0.527	TACAGACACCCCC
MA0588.1	TGA1	HORVU4Hr1G020010	328	338	-	11.2551	7.94e-05	0.529	ACGTGACGTTA
MA0584.1	SEP1	EC1.1_AT1G76750	40	57	+	10.7753	7.99e-05	0.144	TCTACTAAATCTAGCAAC
MA1706.1	AT1G14600	EC1.1_AT1G76750	179	188	+	10.4416	8.02e-05	0.408	GTACATACTT
MA1402.1	BPC6	Bo2g088760	160	180	-	-2.84211	8.06e-05	0.09	CTATTTTCATTTCTATTACTA
MA0110.3	ATHB-5	Bo2g088760	401	412	+	10.8268	8.07e-05	0.406	CACAATAATTAA
MA1161.1	TSO1	Csa07g051880	397	411	+	9.05556	8.08e-05	0.128	AGTAACAAAGTTAAA
MA1170.1	MYB118	EC1.1_AT1G76750	439	455	-	9.92857	8.12e-05	0.464	GACTTGACTGTTACAAA
MA1812.1	ASR1	EC1.1_AT1G76750	412	426	-	10.5	8.17e-05	0.27	TGAAAGCCCAAGTAA
MA1742.1	BZIP18	VIT_07s0031g02070	221	231	-	11.0656	8.21e-05	0.547	GGACAGCTTTT
MA1280.1	DOF5.4	Csa07g051880	26	39	-	11.2121	8.23e-05	0.146	TATAAAGTAATTAT
MA1205.1	AGL6	EC1.2_AT2G21740	175	193	+	7.9697	8.27e-05	0.196	AAACCATATACAGTATATA
MA1371.1	IDD4	VIT_07s0031g02070	50	66	-	7.40909	8.28e-05	0.24	CCAAAAATAACAAAAAA
MA0940.1	AP1	Bo2g088760	165	177	+	10.6508	8.29e-05	0.085	atagaaatgaaaa
MA2050.1	NAC101	VIT_07s0031g02070	158	170	+	10.8455	8.3e-05	0.25	ATTGAAGCAACCA
MA0974.2	CDF3	EC1.2_AT2G21740	230	241	-	10.8689	8.33e-05	0.459	ACAGAAAGTGAA
MA1735.1	AT2G38300	Csa07g051880	365	375	+	11.3607	8.4e-05	0.499	CACATTCCATT
MA1369.1	HDG1	Bo2g088760	406	416	-	10.8806	8.42e-05	0.11	ACAATTAATTA
MA0940.1	AP1	HORVU4Hr1G020010	432	444	+	10.619	8.47e-05	0.085	aaaaaaaaaGAAT
MA0981.1	DOF1.8	HORVU7Hr1G101980	270	279	+	7.67857	8.5e-05	0.241	AATAAAGTGG
MA1375.1	ANL2	Bo2g088760	406	416	+	10.5	8.51e-05	0.1	TAATTAATTGT
MA0951.1	ATHB-16	Bo2g088760	403	410	+	11.8413	8.53e-05	0.474	CAATAATT
MA1279.1	DOF1.5	VIT_07s0031g02070	456	476	-	10.6515	8.55e-05	0.0694	AAGATGAAGAAAAAGATGAAG
MA1813.1	EIL4	HORVU4Hr1G020010	369	379	+	11	8.57e-05	0.239	ATCAATGAAGG
MA1307.2	WRKY31	HORVU4Hr1G020010	480	497	-	10.4857	8.6e-05	0.543	TAGCGGTCAACAATTGAT
MA1386.2	HHO3	VIT_07s0031g02070	243	255	+	11.3483	8.61e-05	0.24	CATTAGATTCTAG
MA1327.2	ATHB-23	HORVU4Hr1G020010	218	227	-	11.7627	8.63e-05	0.0488	GTAATTAATC
MA1229.1	ERF034	HORVU4Hr1G020010	279	293	-	10.3636	8.66e-05	0.572	AGACGTCGGTTGCAG
MA1162.1	TCX2	EC1.2_AT2G21740	90	104	+	8.65672	8.69e-05	0.113	GTACATAATTTAAAA
MA1766.1	MYB17	Bo2g088760	412	426	-	10.6721	8.7e-05	0.501	TATACCCACCACAAT
MA0983.1	DOF5.6	EC1.2_AT2G21740	153	160	+	8.24	8.71e-05	0.259	CATAAAGT
MA0983.1	DOF5.6	EC1.2_AT2G21740	195	202	+	8.24	8.71e-05	0.259	CATAAAGT
MA1375.1	ANL2	VIT_07s0031g02070	348	358	-	10.4545	8.71e-05	0.1	TAATTAAATGC
MA1195.1	AT5G56840	Csa07g051880	246	260	-	10.2879	8.72e-05	0.161	ATCATTATCCATCAT
MA1682.1	TCX3	EC1.1_AT1G76750	55	68	+	9.86885	8.72e-05	0.134	AACCTTTCAAATTT
MA1268.1	CDF5	Bo2g088760	81	107	-	9.5303	8.76e-05	0.0488	AAGATTCTTTGTATTTTTTAATTGTAT
MA1024.1	HAT1	EC1.2_AT2G21740	338	347	-	11.5246	8.76e-05	0.518	TTAATCATGA
MA1162.1	TCX2	Bo2g088760	177	191	+	8.62687	8.79e-05	0.113	atagcaaaattaaat
MA1268.1	CDF5	Csa07g051880	401	427	-	9.51515	8.82e-05	0.0488	AGCTTTCTTTTACTAATTTAACTTTGT
MA1218.1	DREB1D	HORVU4Hr1G020010	281	293	-	11.1364	8.86e-05	0.588	AGACGTCGGTTGC
MA0001.2	AGL3	Bo2g088760	327	344	+	10.622	8.89e-05	0.229	ATTTCCATATTTATTAGA
MA0034.1	Gam1	HORVU7Hr1G101980	479	488	+	10.8384	8.92e-05	0.296	GGCAACTGCC
MA1268.1	CDF5	EC1.2_AT2G21740	388	414	+	9.48485	8.95e-05	0.0488	ATCCAACTTTTTAATTACTCTTAAATC
MA1281.1	DOF5.1	EC1.2_AT2G21740	380	400	-	10.0152	8.97e-05	0.0892	TAAAAAGTTGGATTAGTGGGA
MA0559.1	PI	HORVU4Hr1G020010	428	441	+	10.2121	8.98e-05	0.279	GCaaaaaaaaaaaG
MA1397.1	AT1G74840	Csa07g051880	248	258	+	10.8182	9e-05	0.518	GATGGATAATG
MA1757.1	HDG7	Bo2g088760	114	124	+	10.5645	9.01e-05	0.222	atattaaatat
MA1775.1	MYB61	Bo2g088760	415	427	-	11.3607	9.02e-05	0.286	TTATACCCACCAC
MA1297.1	WRKY26	HORVU4Hr1G020010	484	496	-	9.70732	9.05e-05	0.588	AGCGGTCAACAAT
MA1026.2	ATHB-15	Bo2g088760	398	412	+	9.71642	9.05e-05	0.472	AATCACAATAATTAA
MA1369.1	HDG1	VIT_07s0031g02070	348	358	+	10.7612	9.06e-05	0.11	GCATTTAATTA
MA0978.1	DREB1E	VIT_07s0031g02070	88	95	-	8.83607	9.11e-05	0.601	AAGTCGGC
MA1277.1	DOF1.7	EC1.2_AT2G21740	385	405	-	10.6818	9.14e-05	0.124	GTAATTAAAAAGTTGGATTAG
MA0001.2	AGL3	HORVU7Hr1G101980	170	187	+	10.5732	9.14e-05	0.229	TTACCCACAAAAAGAAAG
MA1734.1	AT1G19040	EC1.1_AT1G76750	115	130	-	7.96721	9.16e-05	0.586	CTTGAAACCGAAGAAA
MA1373.1	GAF1	Bo2g088760	470	484	+	6.41463	9.22e-05	0.0916	TCCTAGAAAACAAAT
MA0008.3	HAT5	Bo2g088760	134	148	+	9.58442	9.23e-05	0.108	aataaattatttatt
MA1192.1	DIV1	Csa07g051880	248	262	+	10.7121	9.27e-05	0.245	GATGGATAATGATAT
MA1268.1	CDF5	EC1.1_AT1G76750	421	447	+	9.40909	9.29e-05	0.0488	CTTTCACTCTACCATTTATTTGTAACA
MA2006.1	NAC020	EC1.1_AT1G76750	111	134	+	7.06557	9.32e-05	0.173	ATGATTTCTTCGGTTTCAAGATGA
MA1789.1	NAC071	EC1.1_AT1G76750	116	130	-	10.5082	9.34e-05	0.295	CTTGAAACCGAAGAA
MA1424.1	ERF019	HORVU4Hr1G020010	280	294	+	9.83607	9.35e-05	0.617	TGCAACCGACGTCTC
MA1426.1	MYB124	HORVU7Hr1G101980	446	455	+	10.459	9.36e-05	0.625	TCGCGCGCCA
MA1758.1	HSFA1E	VIT_07s0031g02070	465	479	-	7.60656	9.39e-05	0.303	AGAAAGATGAAGAAA
MA1830.1	Zm00001d015407	HORVU4Hr1G020010	236	258	+	9.528	9.41e-05	0.156	AATTAGGGAATCTATTTTTTCCA
MA1343.1	BZIP52	VIT_07s0031g02070	219	232	-	10.8636	9.43e-05	0.624	TGGACAGCTTTTTG
MA1178.2	MYB3R1	VIT_07s0031g02070	309	321	-	10.7706	9.46e-05	0.57	CAGAAACGGTCAG
MA1189.1	AT5G61620	Csa07g051880	246	260	+	10.5152	9.47e-05	0.17	ATGATGGATAATGAT
MA1214.1	ATHB-40	Bo2g088760	129	149	-	9.62121	9.48e-05	0.155	TAATAAATAATTTATTTATTG
MA1807.1	ZHD10	VIT_07s0031g02070	350	360	-	11.5238	9.5e-05	0.0603	ATTAATTAAAT
MA1081.2	WRKY25	HORVU4Hr1G020010	483	498	-	10.6066	9.5e-05	0.569	CTAGCGGTCAACAATT
MA1090.1	WRKY60	Csa07g051880	150	160	-	11.2459	9.51e-05	0.302	ATGGTCAAATC
MA1203.1	AGL63	EC1.1_AT1G76750	42	56	+	9.04545	9.54e-05	0.228	TACTAAATCTAGCAA
MA1326.1	ZHD5	EC1.1_AT1G76750	375	385	-	11.5075	9.54e-05	0.12	AGATAATTAGT
MA1759.1	HSFA4A	VIT_07s0031g02070	157	175	+	8.85246	9.6e-05	0.534	TATTGAAGCAACCAGAAGG
MA1085.2	WRKY40	EC1.2_AT2G21740	317	326	+	11.8429	9.63e-05	0.559	ACAGTCAAAT
MA1375.1	ANL2	Bo2g088760	57	67	-	10.2121	9.64e-05	0.1	ATATTAATTAA
MA1274.1	DOF3.6	VIT_07s0031g02070	457	477	+	9.86364	9.65e-05	0.0623	TTCATCTTTTTCTTCATCTTT
MA0982.1	DOF2.4	EC1.2_AT2G21740	393	399	-	7.67647	9.66e-05	0.542	AAAAAGT
MA0934.1	AHL25	Bo2g088760	184	191	+	10.9565	9.69e-05	0.0511	aattaaat
MA0934.1	AHL25	Bo2g088760	184	191	-	10.9565	9.69e-05	0.0511	ATTTAATT
MA0934.1	AHL25	VIT_07s0031g02070	350	357	+	10.9565	9.69e-05	0.0511	ATTTAATT
MA0934.1	AHL25	VIT_07s0031g02070	350	357	-	10.9565	9.69e-05	0.0511	AATTAAAT
MA0932.1	AHL12	Bo2g088760	138	145	+	10.431	9.69e-05	0.07	aattattt
MA0932.1	AHL12	Bo2g088760	138	145	-	10.431	9.69e-05	0.07	AAATAATT
MA1278.1	DOF3.4	VIT_07s0031g02070	447	467	+	10.6515	9.69e-05	0.181	ACCTCCAACCTTCATCTTTTT
MA1241.1	ERF043	HORVU4Hr1G020010	280	295	+	7.37879	9.7e-05	0.64	TGCAACCGACGTCTCT
MA1304.1	WRKY59	EC1.2_AT2G21740	315	326	+	11.0658	9.7e-05	0.586	CTACAGTCAAAT
MA0082.1	squamosa	VIT_07s0031g02070	53	66	-	10.6889	9.78e-05	0.102	CCAAAAATAACAAA
MA1404.1	BPC1	HORVU7Hr1G101980	302	325	+	-2	9.78e-05	0.0697	GGTAGGGGAAACGAGAAAAAACGG
MA1268.1	CDF5	Csa07g051880	291	317	-	9.28788	9.84e-05	0.0488	TATGTACTTTTAATAACTTAATTGCAT
MA1781.1	MYB94	HORVU7Hr1G101980	293	311	-	10.2951	9.85e-05	0.582	TTCCCCTACCCACCGTTTT
MA1743.1	BZIP2	EC1.2_AT2G21740	20	34	-	5.96721	9.86e-05	0.651	GTTGTCGATGTGTCA
MA1330.1	ZHD6	EC1.2_AT2G21740	336	350	+	10.9104	9.87e-05	0.0605	TTTCATGATTAAGTG
MA1375.1	ANL2	Bo2g088760	456	466	+	10.1515	9.87e-05	0.1	TAATTAATTAA
MA1751.1	EIL3	Bo2g088760	376	386	+	11.2237	9.89e-05	0.294	TTGGTTCATTC
MA0575.1	MYB77	HORVU4Hr1G020010	281	293	-	10.5976	9.89e-05	0.328	AGACGTCGGTTGC
MA1760.1	HSFA6A	HORVU7Hr1G101980	235	247	-	3.59016	9.9e-05	0.293	GTACTTTCCGGAT
MA1678.2	NTL8	EC1.1_AT1G76750	111	123	-	10.4679	9.93e-05	0.15	CCGAAGAAATCAT
MA1830.1	Zm00001d015407	Bo2g088760	93	115	-	9.424	9.94e-05	0.156	ATTAACTAAAGATTCTTTGTATT
MA1350.1	BZIP42	VIT_07s0031g02070	73	84	+	2.02439	9.96e-05	0.662	AGATTACATGTA

# FIMO (Find Individual Motif Occurrences): Version 5.4.1 compiled on Aug 25 2021 at 17:37:39
# The format of this file is described at https://meme-suite.org/meme/doc/fimo-output-format.html.
# fimo --oc . --verbosity 1 --thresh 1.0E-4 JASPAR2022_CORE_plants_non-redundant_pfms_meme.txt vegetative_group3.fasta
